{"num_graphs": 1067278, "avg_num_nodes": 17.08126280125703, "avg_num_edges": 35.68134263050489, "avg_degree": 3.393653782037014, "node_feature_dim": 13, "edge_feature_dim": 5, "node_features_mean": [6.637728214263916, 13.430956840515137, -0.0015900315484032035, 2.0889172554016113, 2.6351797580718994, 0.8470104336738586, 3.249180793762207, 0.02502027340233326, 0.38103628158569336, 0.02499312162399292, 0.529452383518219, 0.02197410725057125, 0.00013894331641495228], "node_features_std": [4.176990509033203, 9.956999778747559, 0.2115245908498764, 0.8197809457778931, 1.100858211517334, 1.009905219078064, 0.8333397507667542, 0.20362506806850433, 0.4856414794921875, 0.15610402822494507, 0.49913182854652405, 0.6222546100616455, 0.014931819401681423], "node_features_min": [0.0, 0.0, -73.0, 0.0, 0.0, 0.0, 0.0, 0.0, 0.0, 0.0, 0.0, 0.0, 0.0], "node_features_max": [118.0, 294.0, 3.0, 12.0, 14.0, 75.0, 7.0, 8.0, 1.0, 1.0, 1.0, 131.0, 2.0], "edge_features_mean": [1.2669872045516968, 0.5323210954666138, 0.37524476647377014, 0.01382787711918354, 0.5336151123046875], "edge_features_std": [0.3322775363922119, 0.49895426630973816, 0.484186053276062, 0.18832595646381378, 0.49886876344680786], "edge_features_min": [0.0, 0.0, 0.0, 0.0, 0.0], "edge_features_max": [3.0, 1.0, 1.0, 3.0, 1.0], "node_embedding_size": 458, "edge_embedding_size": 14}