{"num_graphs": 213294, "avg_num_nodes": 16.964312170056353, "avg_num_edges": 35.543090757358385, "avg_degree": 3.4128734306062376, "node_feature_dim": 12, "edge_feature_dim": 5, "node_features_mean": [6.599942684173584, -0.00026807532412931323, 2.095168352127075, 2.64837908744812, 0.845618724822998, 3.2434723377227783, 0.021731512621045113, 0.3935403823852539, 0.025286411866545677, 0.5457897782325745, 0.02104032039642334, 0.00011883751722052693], "node_features_std": [4.016304016113281, 0.10750871151685715, 0.8081379532814026, 1.089464783668518, 0.9869363307952881, 0.8323833346366882, 0.18611031770706177, 0.48853495717048645, 0.15699368715286255, 0.49789896607398987, 0.5123853087425232, 0.01366782933473587], "node_features_min": [0.0, -6.0, 0.0, 0.0, 0.0, 0.0, 0.0, 0.0, 0.0, 0.0, 0.0, 0.0], "node_features_max": [118.0, 3.0, 8.0, 9.0, 6.0, 7.0, 8.0, 1.0, 1.0, 1.0, 99.0, 2.0], "edge_features_mean": [1.2716670036315918, 0.5411735773086548, 0.38780826330184937, 0.013597184792160988, 0.5483632683753967], "edge_features_std": [0.3320133686065674, 0.4983018934726715, 0.48725050687789917, 0.1851796954870224, 0.4976555407047272], "edge_features_min": [0.0, 0.0, 0.0, 0.0, 0.0], "edge_features_max": [3.0, 1.0, 1.0, 3.0, 1.0], "node_embedding_size": 281, "edge_embedding_size": 14, "node_embedding_output_size": 245, "edge_embedding_output_size": 6, "node_feats_idx": [0, 1, 6, 7, 8, 10, 11], "edge_feats_idx": [0, 1], "filter_output_only": true}